timestamp,price,daily_return,7_day_MA
2023-11-06 00:00:00,0.34319257551054716,,
2023-11-07 00:00:00,0.36333621434366775,0.05869485609691316,
2023-11-08 00:00:00,0.3512046212169443,-0.0333894410955925,
2023-11-09 00:00:00,0.3584859312953708,0.02073238687234924,
2023-11-10 00:00:00,0.3682441373296721,0.027220610859233663,
2023-11-11 00:00:00,0.38630680294746655,0.04905078937244234,
2023-11-12 00:00:00,0.3848682677349981,-0.003723815375480388,0.36509122148266665
2023-11-13 00:00:00,0.3831472116871809,-0.004471805529579931,0.37079902665075715
2023-11-14 00:00:00,0.35876820566281037,-0.06362830076987402,0.3701464539820633
2023-11-15 00:00:00,0.35770685690677023,-0.0029583133044895904,0.37107534479489557
2023-11-16 00:00:00,0.3789594362327484,0.05941339651623534,0.37400013121452097
2023-11-17 00:00:00,0.37051507481448104,-0.022283021903909073,0.37432455085520794
2023-11-18 00:00:00,0.3657206588373556,-0.01293986750613596,0.3713836731251921
2023-11-19 00:00:00,0.37761042779447834,0.03251052044727509,0.37034683884797504
2023-11-20 00:00:00,0.3839761391361936,0.01685788016738754,0.3704652570549768
2023-11-21 00:00:00,0.37958028274449435,-0.011448254054505447,0.37343841092378877
2023-11-22 00:00:00,0.35858698543418316,-0.0553066064404677,0.3735641435705621
2023-11-23 00:00:00,0.38031921066326935,0.060605170047575596,0.37375839706063646
2023-11-24 00:00:00,0.38613802673483494,0.015299821593070861,0.37599024733497277
2023-11-25 00:00:00,0.38619067501156024,0.00013634574447518588,0.3789145353598591
2023-11-26 00:00:00,0.3945790037915447,0.021720692193651248,0.38133861764515437
2023-11-27 00:00:00,0.38787302536551704,-0.01699527435973358,0.38189531567791485
2023-11-28 00:00:00,0.37839467914047004,-0.024436724405145105,0.3817259437344828
2023-11-29 00:00:00,0.3854540790076171,0.018656181643945446,0.38556409995925905
2023-11-30 00:00:00,0.38134408542154474,-0.010662732112353912,0.38571051063901274
2023-12-01 00:00:00,0.3756346694265104,-0.014971822596181128,0.3842100310235378
2023-12-02 00:00:00,0.3841345948407982,0.022628170683139492,0.3839163052848575
2023-12-03 00:00:00,0.3980544170749391,0.036236835789054345,0.38441279289677094
2023-12-04 00:00:00,0.3946587984344846,-0.008530538777604457,0.3853821890494806
2023-12-05 00:00:00,0.40687059093690453,0.03094265869875734,0.38945017644897123
2023-12-06 00:00:00,0.4255249059737904,0.04584827572307559,0.3951745803012817
2023-12-07 00:00:00,0.4420893756330858,0.038927144866852226,0.4038524789029304
2023-12-08 00:00:00,0.4558729709092601,0.031178300216863963,0.4153150934004661
2023-12-09 00:00:00,0.5474035170649149,0.20078081394712388,0.4386392251467685
2023-12-10 00:00:00,0.5790191961638709,0.05775571057430162,0.4644913364451873
2023-12-11 00:00:00,0.5955252513479339,0.028506922211593677,0.4931865440042515
2023-12-12 00:00:00,0.5503522027851744,-0.07585412786529733,0.5136839171254329
2023-12-13 00:00:00,0.5762622487496744,0.0470790265458676,0.5352178232362735
2023-12-14 00:00:00,0.6613892286453705,0.14772263857366608,0.5665463736665999
2023-12-15 00:00:00,0.6424514040505339,-0.02863340341000753,0.5932004355439248
2023-12-16 00:00:00,0.6020396774940284,-0.06290238654895486,0.6010056013195123
2023-12-17 00:00:00,0.6064994776423223,0.007407817648925841,0.604931355816434
2023-12-18 00:00:00,0.580529648296934,-0.04281921139708511,0.6027891268091483
2023-12-19 00:00:00,0.6008709727534548,0.03503925168369082,0.6100060939474741
2023-12-20 00:00:00,0.5750008478278528,-0.04305437622831698,0.6098258938157853
2023-12-21 00:00:00,0.5897207331143677,0.02559976275186604,0.5995875373113562
2023-12-22 00:00:00,0.6363095815171818,0.07900154392872416,0.598710134092306
2023-12-23 00:00:00,0.6236175706204236,-0.019946282855738295,0.6017926902532196
2023-12-24 00:00:00,0.6148032468668216,-0.014134181217557273,0.6029789429995766
2023-12-25 00:00:00,0.5930897407349875,-0.035317813044239976,0.6047732419192986
2023-12-26 00:00:00,0.6257644971286507,0.05509243230741245,0.6083294596871837
2023-12-27 00:00:00,0.6079167108264765,-0.028521570629317594,0.6130317258298442
2023-12-28 00:00:00,0.6329349656134101,0.0411540830205519,0.6192051876154218
2023-12-29 00:00:00,0.61768195134706,-0.024098864962480926,0.6165440975911186
2023-12-30 00:00:00,0.6083868654372805,-0.015048336590552047,0.6143682825649552
2023-12-31 00:00:00,0.6023831951139077,-0.009868178727128862,0.6125939894573962
2024-01-01 00:00:00,0.5932116677600944,-0.015225403743341581,0.61261140760384
2024-01-02 00:00:00,0.623256101436692,0.05064707137343105,0.6122530653621315
2024-01-03 00:00:00,0.6060852609787025,-0.027550216385219928,0.6119914296695924
2024-01-04 00:00:00,0.556842720162059,-0.08124688717413608,0.601121108890828
2024-01-05 00:00:00,0.5695463363891113,0.022813652342182245,0.5942445924682639
2024-01-06 00:00:00,0.5393707483904063,-0.05298179633639011,0.5843851471758533
2024-01-07 00:00:00,0.5226179816319002,-0.031059835574138606,0.5729901166784236
2024-01-08 00:00:00,0.4926611410057146,-0.05732072312675485,0.5586257557135123
2024-01-09 00:00:00,0.5405817266765055,0.09726885618168746,0.5468151307477713
2024-01-10 00:00:00,0.510767880375113,-0.055151413431393514,0.5331983620901157
2024-01-11 00:00:00,0.567929294391895,0.11191270284028443,0.5347821584086637
2024-01-12 00:00:00,0.5811386539221115,0.023258809962180882,0.5364382037705209
2024-01-13 00:00:00,0.5474745911780851,-0.05792776391112053,0.5375958955973321
2024-01-14 00:00:00,0.5495600380376037,0.0038092121408430657,0.5414447607981469
2024-01-15 00:00:00,0.5253876070255283,-0.04398505957309318,0.5461199702295488
2024-01-16 00:00:00,0.5284594521791264,0.005846816926248444,0.5443882167299232
2024-01-17 00:00:00,0.535446290453216,0.013221143543329816,0.547913703883938
2024-01-18 00:00:00,0.5265727839341486,-0.01657216919283655,0.5420056309614028
2024-01-19 00:00:00,0.5018280724933721,-0.04699200603552456,0.5306755479001544
2024-01-20 00:00:00,0.5015555780282297,-0.0005430036302842556,0.5241156888787464
2024-01-21 00:00:00,0.5142145110223477,0.025239342455095848,0.519066327876567
2024-01-22 00:00:00,0.5035925858990076,-0.020656603218415448,0.5159527534299212
2024-01-23 00:00:00,0.47723801096598745,-0.052333127355265296,0.508635404685187
2024-01-24 00:00:00,0.47706538697427314,-0.00036171467432966065,0.5002952756167666
2024-01-25 00:00:00,0.47685090794662405,-0.00044957993915550887,0.4931921504756917
2024-01-26 00:00:00,0.4666944281737374,-0.021299067703617558,0.48817305843002956
2024-01-27 00:00:00,0.4846114472370051,0.038391328418855064,0.4857524683169975
2024-01-28 00:00:00,0.48628321227850235,0.0034497019231154447,0.48176228278216243
2024-01-29 00:00:00,0.48975652433114203,0.007142570347771882,0.47978570255818165
2024-01-30 00:00:00,0.5254688082222182,0.07291844440428497,0.48667581645192887
2024-01-31 00:00:00,0.5147458836162068,-0.020406396037644048,0.4920587445436337
2024-02-01 00:00:00,0.497789409814157,-0.03294144614217542,0.49504995909613836
2024-02-02 00:00:00,0.5054817418827323,0.015452984569211958,0.5005910039117091
2024-02-03 00:00:00,0.5141625358932159,0.017173308729511838,0.5048125880054536
2024-02-04 00:00:00,0.5123374566279294,-0.0035496154190152174,0.5085346229125145
2024-02-05 00:00:00,0.49490229256998014,-0.0340306253864453,0.5092697326609199
2024-02-06 00:00:00,0.4933681022068834,-0.003099986373330088,0.5046839175158722
2024-02-07 00:00:00,0.498441333850525,0.010282852946813081,0.5023546961207748
2024-02-08 00:00:00,0.5016766610371062,0.006490888629937297,0.5029100177240532
2024-02-09 00:00:00,0.5285400987966482,0.05354731412860181,0.5062040687117555
2024-02-10 00:00:00,0.5407895528441048,0.023176016494009577,0.5100079282761681
2024-02-11 00:00:00,0.550691853953995,0.018310821756471363,0.5154871278941775
2024-02-12 00:00:00,0.5407701438792356,-0.018016809225560593,0.522039678081214
2024-02-13 00:00:00,0.5601792735971755,0.03589164442161641,0.53158413113697
2024-02-14 00:00:00,0.5455257820468045,-0.026158575015233998,0.5383104808792957
2024-02-15 00:00:00,0.5763509300308692,0.0565053916762821,0.5489782335926904
2024-02-16 00:00:00,0.6079150262037338,0.054765412057501184,0.5603175089365597
2024-02-17 00:00:00,0.5986118359560745,-0.015303438550870019,0.5685778350954126
2024-02-18 00:00:00,0.6084093090840645,0.01636698865524777,0.5768231858282797
2024-02-19 00:00:00,0.6191363787551806,0.01763133717869181,0.588018362239129
2024-02-20 00:00:00,0.6311288361257484,0.019369653895446426,0.598154014028925
2024-02-21 00:00:00,0.6223752038315511,-0.013869802476357163,0.6091325028553174
2024-02-22 00:00:00,0.5989716417855219,-0.03760362222329716,0.6123640331059822
2024-02-23 00:00:00,0.5870301423459386,-0.01993666912841796,0.6093804782691542
2024-02-24 00:00:00,0.5842533001319432,-0.004730323051041929,0.6073292588657069
2024-02-25 00:00:00,0.5963385611377838,0.02068496832300548,0.6056048663019525
2024-02-26 00:00:00,0.5919576755178287,-0.007346306117780754,0.6017221944109022
2024-02-27 00:00:00,0.6185476984822272,0.04491879075837346,0.5999248890332564
2024-02-28 00:00:00,0.6241652788950875,0.00908188717967029,0.600180614042333
2024-02-29 00:00:00,0.6314079487062091,0.011603769155411392,0.6048143721738598
2024-03-01 00:00:00,0.6564418023911469,0.03964766952369492,0.6147303236088896
2024-03-02 00:00:00,0.7149619267973372,0.08914746774660842,0.6334029845610887
2024-03-03 00:00:00,0.7417755124257798,0.037503515394943676,0.6541796918879452
2024-03-04 00:00:00,0.7276491507472452,-0.019043984927917146,0.6735641883492904
2024-03-05 00:00:00,0.7722695346369098,0.061321289035852766,0.6955244506571022
2024-03-06 00:00:00,0.6972076134960586,-0.09719653278326235,0.7059590698858124
2024-03-07 00:00:00,0.7336259370506201,0.052234546567766715,0.7205616396492996
2024-03-08 00:00:00,0.744449593191725,0.014753644322635262,0.7331341811922394
2024-03-09 00:00:00,0.7247375305870432,-0.026478706933224405,0.7345306960193403
2024-03-10 00:00:00,0.7449746080676288,0.027923319307326944,0.7349877096824615
2024-03-11 00:00:00,0.7160578860375334,-0.038815714947791014,0.7333318147239313
2024-03-12 00:00:00,0.7749753173328475,0.08228026315211312,0.7337183551090651
2024-03-13 00:00:00,0.7481917133085468,-0.03456058977010912,0.7410017979394208
2024-03-14 00:00:00,0.7639288624018844,0.021033578444416223,0.7453307872753155
2024-03-15 00:00:00,0.750550098481413,-0.017513101780716855,0.7462022880309853
2024-03-16 00:00:00,0.7270113979441996,-0.03136193118199471,0.7465271262248647
2024-03-17 00:00:00,0.6582371256229309,-0.0945986163569712,0.7341360573041937
2024-03-18 00:00:00,0.6817720909945488,0.035754539595962864,0.7292380865837673
2024-03-19 00:00:00,0.6623281909079127,-0.02851964805169993,0.7131456399516337
2024-03-20 00:00:00,0.586019350902608,-0.11521303343694511,0.6899781596079281
2024-03-21 00:00:00,0.6391399616378111,0.09064651304327187,0.6721511737844892
2024-03-22 00:00:00,0.6327763463799453,-0.009956528522420793,0.655326352055708
2024-03-23 00:00:00,0.6123037796803994,-0.032353558752104994,0.6389395494465938
2024-03-24 00:00:00,0.626207258573385,0.02270683173022836,0.6343638541538015
2024-03-25 00:00:00,0.6460247903982396,0.03164692129248481,0.6292570969257573
2024-03-26 00:00:00,0.656199944873147,0.01575040869350386,0.6283816332065051
2024-03-27 00:00:00,0.6653790384572502,0.01398825717042329,0.6397187314285968
2024-03-28 00:00:00,0.6481572867334939,-0.025882618369954535,0.64100692072798
2024-03-29 00:00:00,0.650176399951593,0.0031151593284939327,0.6434926426667869
2024-03-30 00:00:00,0.6642438985254749,0.02163643370465196,0.6509126596446547
2024-03-31 00:00:00,0.6444865397214639,-0.029744132912428056,0.6535239855229519
2024-04-01 00:00:00,0.650449791081512,0.009252716686100726,0.654156128477705
2024-04-02 00:00:00,0.6222400848463132,-0.04336953692965928,0.6493047199024431
2024-04-03 00:00:00,0.5803721745636556,-0.067285781328277,0.6371608822033581
2024-04-04 00:00:00,0.5717466267422849,-0.014862097459885426,0.6262450736331855
2024-04-05 00:00:00,0.5824651813735257,0.018747036064407085,0.6165720424077472
2024-04-06 00:00:00,0.5756851059798307,-0.011640310203103854,0.6039207863297981
2024-04-07 00:00:00,0.58375664703524,0.014020757131924189,0.5952450873746232
2024-04-08 00:00:00,0.5889143734956137,0.008835405106851546,0.5864543134337806
2024-04-09 00:00:00,0.6139464835843659,0.04250551729646079,0.5852695132535023
2024-04-10 00:00:00,0.592220359906436,-0.035387650648453284,0.5869621111596138
2024-04-11 00:00:00,0.5857210197068813,-0.010974530157290552,0.588958453011699
2024-04-12 00:00:00,0.5861803169343673,0.0007841569826465555,0.5894891866632479
2024-04-13 00:00:00,0.5045343784889652,-0.1392846809875804,0.5793247970216956
2024-04-14 00:00:00,0.4490279512162241,-0.1100151538513151,0.560077840476122
2024-04-15 00:00:00,0.4687265109427785,0.04386933969967677,0.5429081458257169
2024-04-16 00:00:00,0.4603126182998896,-0.017950537139376888,0.5209604507850775
2024-04-17 00:00:00,0.4583592084919298,-0.004243659048875359,0.5018374291544336
2024-04-18 00:00:00,0.4445898969863973,-0.03004043826420677,0.48167584019436455
2024-04-19 00:00:00,0.4578276522744481,0.02977520491981811,0.4633397452429476
2024-04-20 00:00:00,0.4699167090223507,0.026405256842493507,0.458394363890574
2024-04-21 00:00:00,0.5047835543618832,0.07419792629224009,0.46635945005423957
2024-04-22 00:00:00,0.49910044017061184,-0.01125851692703339,0.4706985828010729
2024-04-23 00:00:00,0.5163694474106608,0.034600264496151834,0.47870670124546877
2024-04-24 00:00:00,0.5004444916938912,-0.03084023618481979,0.4847188845600347
2024-04-25 00:00:00,0.4748989595842877,-0.0510456854528214,0.4890487506454476
2024-04-26 00:00:00,0.47057883062344014,-0.009096943410087155,0.49087034755244646
2024-04-27 00:00:00,0.46243449423225436,-0.01730706071158339,0.4898014597252899
2024-04-28 00:00:00,0.46781029792904516,0.01162500584156434,0.4845195659491702
2024-04-29 00:00:00,0.45994209671878394,-0.016819213354415385,0.47892551688462337
2024-04-30 00:00:00,0.45707636141932567,-0.00623064363949799,0.4704550760287183
2024-05-01 00:00:00,0.4409541499307044,-0.035272468343272245,0.4619564557768345
2024-05-02 00:00:00,0.44955088395760584,0.01949575489481714,0.4583353021158799
2024-05-03 00:00:00,0.45815380575529224,0.019136703106778175,0.4565602985632874
2024-05-04 00:00:00,0.4671149377141021,0.019559221916834124,0.4572289333464085
2024-05-05 00:00:00,0.463075749899171,-0.008647096225818607,0.4565525693421407
2024-05-06 00:00:00,0.45805925752354787,-0.010832984402045276,0.4562835923142498
2024-05-07 00:00:00,0.4541690938933543,-0.008492708238722946,0.4558682683819683
2024-05-08 00:00:00,0.4417192327446154,-0.027412391807669634,0.45597756592681266
2024-05-09 00:00:00,0.4533687042628684,0.026373023075923596,0.4565229688275645
2024-05-10 00:00:00,0.46369917329560356,0.02278602147788611,0.4573151641904661
2024-05-11 00:00:00,0.44843722989090995,-0.03291345830147574,0.45464692021572434
2024-05-12 00:00:00,0.4385723944343846,-0.021998252595854084,0.451146440863612
2024-05-13 00:00:00,0.437780925754015,-0.00180464773983402,0.4482495363251074
2024-05-14 00:00:00,0.43622276278212985,-0.0035592299257932725,0.44568577473778953
2024-05-15 00:00:00,0.42789481449248123,-0.01909104476010115,0.44371085784462755
2024-05-16 00:00:00,0.4528648884383967,0.058355635778227555,0.44363888415541725
2024-05-17 00:00:00,0.45958204879956466,0.014832592529596678,0.44305072351312597
2024-05-18 00:00:00,0.48173573792943625,0.04820399140422782,0.44780765323291544
2024-05-19 00:00:00,0.4820458777066045,0.0006437964899621562,0.4540181508432326
2024-05-20 00:00:00,0.467454095584356,-0.030270525684548466,0.45825717510470987
2024-05-21 00:00:00,0.5017230897439796,0.07330985969175119,0.4676143646706884
2024-05-22 00:00:00,0.49472192873609866,-0.013954233223457013,0.47716109527691947
2024-05-23 00:00:00,0.48320189447632295,-0.02328587756198064,0.48149495328233755
2024-05-24 00:00:00,0.46534275067897674,-0.036960003678589315,0.4823179106936821
2024-05-25 00:00:00,0.459628260269742,-0.012280174991222581,0.4791596995994401
2024-05-26 00:00:00,0.4619779530146571,0.005112158994610372,0.47629285321487613
2024-05-27 00:00:00,0.45830449091052616,-0.007951596131719252,0.4749857668329005
2024-05-28 00:00:00,0.4679579408262285,0.021063398040293224,0.4701621741303646
2024-05-29 00:00:00,0.4568262495359747,-0.02378780296066696,0.464748505673204
2024-05-30 00:00:00,0.450738740656646,-0.01332565474403491,0.4601109122703931
2024-05-31 00:00:00,0.4463402019849953,-0.009758510362882888,0.45739626245696713
2024-06-01 00:00:00,0.4475355892235874,0.0026781975571008587,0.4556687380218022
2024-06-02 00:00:00,0.44986981215147576,0.005215725819566419,0.4539390036127763
2024-06-03 00:00:00,0.4463838847003557,-0.007748747208550788,0.4522360598684662
2024-06-04 00:00:00,0.4568053043504163,0.02334631694210043,0.4506428260862073
2024-06-05 00:00:00,0.46141576846237486,0.010092842767039922,0.4512984716471216
2024-06-06 00:00:00,0.46167843628047045,0.0005692649364170688,0.45286128530766795
2024-06-07 00:00:00,0.4581490300594973,-0.007644728329544548,0.45454826074688254
2024-06-08 00:00:00,0.4494969073060348,-0.0188849526808752,0.454828449044375
2024-06-09 00:00:00,0.43671073503746227,-0.02844551777942983,0.45294858088523027
2024-06-10 00:00:00,0.44421735997515904,0.01718900941844903,0.45263907735305925
2024-06-11 00:00:00,0.44100188807184415,-0.007238510227278616,0.4503814464561204
2024-06-12 00:00:00,0.4218316928344483,-0.04346964436186895,0.44472657850927383
2024-06-13 00:00:00,0.43762220241775474,0.037433198717725436,0.441289973671743
2024-06-14 00:00:00,0.4207464437687136,-0.03856239138646689,0.43594674705877384
2024-06-15 00:00:00,0.41154227146274974,-0.02187581723453247,0.4305246562240188
2024-06-16 00:00:00,0.4137189782832436,0.005289145177619803,0.4272401195448447
2024-06-17 00:00:00,0.4161881173900786,0.005968155285215326,0.4232359420326904
2024-06-18 00:00:00,0.4016365041157662,-0.03496402868386972,0.4176123157532507
2024-06-19 00:00:00,0.3837158471850039,-0.044619093999475945,0.4121671949461872
2024-06-20 00:00:00,0.3832895500930921,-0.001110970774439335,0.4044053874712354
2024-06-21 00:00:00,0.38398094819436795,0.0018038532516941874,0.39915317381775745
2024-06-22 00:00:00,0.37591161762785413,-0.02101492431970664,0.3940630804127724
2024-06-23 00:00:00,0.38469237535960454,0.02335856972753425,0.38991642285225253
2024-06-24 00:00:00,0.3797214455498969,-0.012921830865664785,0.3847068983036551
2024-06-25 00:00:00,0.3777483211044308,-0.005196241794056977,0.38129430073060716
2024-06-26 00:00:00,0.39188412245777754,0.037421215564949595,0.3824611971981463
2024-06-27 00:00:00,0.38461487094813124,-0.018549492293935654,0.3826505287488661
2024-06-28 00:00:00,0.3905384978339942,0.015401450472417588,0.383587321554527
2024-06-29 00:00:00,0.38517566797940805,-0.01373188529256264,0.38491075731903474
2024-06-30 00:00:00,0.3832573764971923,-0.0049803028635709845,0.3847057574815473
2024-07-01 00:00:00,0.3920398166651658,0.022915254099584947,0.3864655247837286
2024-07-02 00:00:00,0.40275736381144805,0.02733790469919528,0.39003824517044533
2024-07-03 00:00:00,0.4174072422349273,0.03637395548734812,0.3936844051386096
2024-07-04 00:00:00,0.40652983402009474,-0.02605946211328669,0.3968151141488901
2024-07-05 00:00:00,0.3631609597452494,-0.10668066804834209,0.39290403727906936
2024-07-06 00:00:00,0.34984106917033775,-0.036677649999205086,0.3878562374492022
2024-07-07 00:00:00,0.3710080919850898,0.06050468249754237,0.386106339661759
2024-07-08 00:00:00,0.34591024473133264,-0.06764770848924184,0.3795164008140685
2024-07-09 00:00:00,0.3688631610584225,0.06635512152846856,0.3746743718493506
2024-07-10 00:00:00,0.37528127138025436,0.01739970536340807,0.36865637601296875
2024-07-11 00:00:00,0.38891558112552815,0.03633090906755854,0.3661400541708878
2024-07-12 00:00:00,0.39574540458824514,0.017561197838747766,0.3707949748627444
2024-07-13 00:00:00,0.41608542157525613,0.05139672312347843,0.38025845377773265
2024-07-14 00:00:00,0.44074866384060085,0.05927446862226571,0.3902213926142343
2024-07-15 00:00:00,0.4326119985772805,-0.01846100948422391,0.40260735744936965
2024-07-16 00:00:00,0.44566235835597195,0.03016643047721712,0.4135786713490196
2024-07-17 00:00:00,0.4382210455104808,-0.016697198464195706,0.4225700676533376
2024-07-18 00:00:00,0.43682437381711153,-0.003187139704215469,0.4294141808949924
2024-07-19 00:00:00,0.4239264776922808,-0.02952650286458325,0.4334400484812832
2024-07-20 00:00:00,0.4386940603749627,0.03483524492990364,0.43666985402409847
2024-07-21 00:00:00,0.4378613650729356,-0.0018981230366224011,0.4362573827715749
2024-07-22 00:00:00,0.44643616890440546,0.019583376190410284,0.43823226424687844
2024-07-23 00:00:00,0.4263971956952668,-0.044886536093874496,0.435480098152492
2024-07-24 00:00:00,0.4102841302793787,-0.0377888634788387,0.43148911026233455
2024-07-25 00:00:00,0.40667521080338637,-0.008796146888583989,0.42718208697465954
2024-07-26 00:00:00,0.39463399442581204,-0.02960892638080137,0.4229974465080211
2024-07-27 00:00:00,0.41761108979349737,0.058223811664062985,0.4199855935678118
2024-07-28 00:00:00,0.4185181904594663,0.0021721182414420337,0.41722228290874475
2024-07-29 00:00:00,0.40743321280108274,-0.026486250564674463,0.41165043203684143
2024-07-30 00:00:00,0.4039064348172,-0.008656088588449462,0.4084374661971176
2024-07-31 00:00:00,0.40148420427811593,-0.005997009035472067,0.40718033391122294
2024-08-01 00:00:00,0.3887138757692571,-0.03180779809711409,0.40461442890634736
2024-08-02 00:00:00,0.3922628731806598,0.009130102197610679,0.40427569729989704
2024-08-03 00:00:00,0.36398217431836266,-0.0720962925524492,0.396614423660592
2024-08-04 00:00:00,0.3640012189746031,5.232304652302844e-05,0.3888262848770402
2024-08-05 00:00:00,0.34343963988017445,-0.05648766548735995,0.379684345888339
2024-08-06 00:00:00,0.3140857405185116,-0.08547033001753779,0.36685281813138354
2024-08-07 00:00:00,0.3302629115550006,0.05150558891907253,0.35667834774236706
2024-08-08 00:00:00,0.3237841187601061,-0.019617076481249218,0.3474026681696312
2024-08-09 00:00:00,0.35200444395630276,0.08715784240518998,0.34165146399472307
2024-08-10 00:00:00,0.3480402106166277,-0.011261884353275797,0.3393740406087609
2024-08-11 00:00:00,0.34575255637315994,-0.0065729595997390255,0.3367670888085547
2024-08-12 00:00:00,0.32813971205626685,-0.05094060475400819,0.3345813848337108
2024-08-13 00:00:00,0.3388740535248943,0.03271271679176335,0.3381225724060512
2024-08-14 00:00:00,0.34031679440042234,0.004257454533685756,0.3395588413839685
2024-08-15 00:00:00,0.3352510404441318,-0.014885406890410735,0.3411969730531151
2024-08-16 00:00:00,0.3253933423536698,-0.029403929895050473,0.3373953871098818
2024-08-17 00:00:00,0.3298667419831867,0.013747667967511035,0.33479917730510456
2024-08-18 00:00:00,0.3367647480219364,0.020911492917649932,0.33351520468350115
2024-08-19 00:00:00,0.3342293557488534,-0.007528674803331525,0.3343851537824421
2024-08-20 00:00:00,0.336906427537455,0.00800968479445352,0.3341040643556651
2024-08-21 00:00:00,0.3435596235608906,0.019747904698838026,0.33456732566430336
2024-08-22 00:00:00,0.3690813993917752,0.07428630747222043,0.3394002340853953
2024-08-23 00:00:00,0.3765258215538865,0.020170136382866355,0.3467048739711406
2024-08-24 00:00:00,0.39080329326451874,0.037918971006319024,0.3554100955827594
2024-08-25 00:00:00,0.3945505635201381,0.009588635306312598,0.36366521208250246
2024-08-26 00:00:00,0.3844660979829369,-0.02555937430992039,0.3708418895445144
2024-08-27 00:00:00,0.366819648548151,-0.045898583847486796,0.3751152068317567
2024-08-28 00:00:00,0.35011939081844257,-0.045527162451103775,0.37605231643997844
2024-08-29 00:00:00,0.3501971738999551,0.00022216159273757974,0.373354569941147
2024-08-30 00:00:00,0.35618297763544304,0.01709266716469271,0.3704484493813693
2024-08-31 00:00:00,0.34723713334944367,-0.025115866977662105,0.36422471225064434
2024-09-01 00:00:00,0.3451418483757914,-0.006034161592803011,0.3571663243728805
2024-09-02 00:00:00,0.33191560964421096,-0.03832116793087259,0.34965911175306247
2024-09-03 00:00:00,0.33562351056617523,0.01117121585796732,0.3452025206127803
2024-09-04 00:00:00,0.31877493525930306,-0.050200819598274604,0.3407247412471889
2024-09-05 00:00:00,0.3232053098506349,0.013898127177809583,0.33686876066871463
2024-09-06 00:00:00,0.32523419627675226,0.0062773919990826155,0.3324475061889017
2024-09-07 00:00:00,0.31474678840666026,-0.032245710906635194,0.3278060283399326
2024-09-08 00:00:00,0.32488179592925853,0.03220051131865276,0.32491173513328503
2024-09-09 00:00:00,0.33822776938877436,0.04107947452501115,0.3258134722396512
2024-09-10 00:00:00,0.34341456186619745,0.015335205878560298,0.32692647956822585
2024-09-11 00:00:00,0.3435572966999336,0.000415634191399894,0.33046681691688734
2024-09-12 00:00:00,0.35281579145123115,0.026948910240681023,0.3346968857169725
2024-09-13 00:00:00,0.35620042555429854,0.009593204683796763,0.339120632756622
2024-09-14 00:00:00,0.3609103971852186,0.013222813037324865,0.34571543401070176
2024-09-15 00:00:00,0.3543867937736658,-0.01807541002540014,0.34993043370275995
2024-09-16 00:00:00,0.33876222959128865,-0.044089013633944796,0.350006785160262
2024-09-17 00:00:00,0.33014925564876596,-0.025424835445539862,0.34811174141491463
2024-09-18 00:00:00,0.3340166000355435,0.011713927324106699,0.3467487847485731
2024-09-19 00:00:00,0.34247199487952307,0.025314295286760657,0.3452710995240435
2024-09-20 00:00:00,0.35081507887779906,0.024361361287982053,0.3445017642845435
2024-09-21 00:00:00,0.35197166853103945,0.003296864139763045,0.3432248030482322
2024-09-22 00:00:00,0.3586709136742786,0.019033478379662183,0.3438368201768912
2024-09-23 00:00:00,0.35165733867823534,-0.0195543455815671,0.34567897861788355
2024-09-24 00:00:00,0.36371199186671,0.03427954392700605,0.35047365522044693
2024-09-25 00:00:00,0.3878466270439855,0.06635644608088742,0.3581636590787959
2024-09-26 00:00:00,0.3807283034282415,-0.01835344984175069,0.36362884601432705
2024-09-27 00:00:00,0.40177478222264984,0.055279522443949736,0.37090880363502
2024-09-28 00:00:00,0.4022917151536981,0.0012866236357307326,0.3780973817239713
2024-09-29 00:00:00,0.4012393022942459,-0.002616044078984081,0.38417858009825234
2024-09-30 00:00:00,0.3974742599990274,-0.009383533152635848,0.3907238545726512
2024-10-01 00:00:00,0.37265657826365545,-0.06243846264518538,0.3920016526293577
2024-10-02 00:00:00,0.35241561406062927,-0.054315327794121626,0.38694007934602104
2024-10-03 00:00:00,0.34377113266904974,-0.024529223583414583,0.38166048352327936
2024-10-04 00:00:00,0.3447757449502893,0.002922328798929952,0.3735177639129422
2024-10-05 00:00:00,0.35169217146819426,0.020060652813330027,0.36628925767215587
2024-10-06 00:00:00,0.35085767943930835,-0.0023727910274550235,0.35909188297859335
2024-10-07 00:00:00,0.35722039594548466,0.01813475058133074,0.35334133097094444
2024-10-08 00:00:00,0.35134274283380784,-0.01645385643817998,0.350296497338109
2024-10-09 00:00:00,0.3446503186237537,-0.019048135607058092,0.3491871694185554
2024-10-10 00:00:00,0.3397857069963388,-0.014114629711761584,0.3486178228938824
2024-10-11 00:00:00,0.33856687446150163,-0.003587062403570429,0.34773084139548416
2024-10-12 00:00:00,0.3511153738504752,0.03706357690465811,0.34764844173581005
2024-10-13 00:00:00,0.35324078265088743,0.006053306003391823,0.3479888850517499
2024-10-14 00:00:00,0.3478700854188225,-0.015204068997245135,0.3466531264050839
2024-10-15 00:00:00,0.36343770186385754,0.04475123644590551,0.34838097769509097
2024-10-16 00:00:00,0.3580945584980384,-0.014701676073828662,0.35030158339141737
2024-10-17 00:00:00,0.35256480435377513,-0.015442161890023676,0.352127168728194
2024-10-18 00:00:00,0.34317221165027856,-0.02664075536613042,0.35278507404087645
2024-10-19 00:00:00,0.3507284212527294,0.02201871056550253,0.3527297950983413
2024-10-20 00:00:00,0.3516050685811563,0.002499504674573272,0.3524961216598083
2024-10-21 00:00:00,0.3646357419916626,0.037060539152889316,0.35489121545592833
2024-10-22 00:00:00,0.36108324317619894,-0.009742596258007219,0.3545548642148342
2024-10-23 00:00:00,0.36386104768754113,0.007692975411729863,0.3553786483847632
2024-10-24 00:00:00,0.3500239674614593,-0.03802847354511041,0.3550156716858609
2024-10-25 00:00:00,0.3464665242376237,-0.01016342752079491,0.3554862877697674
2024-10-26 00:00:00,0.32397272855370024,-0.06492343158814418,0.3516640459556203
2024-10-27 00:00:00,0.3330659842420291,0.028067966488795282,0.34901560533574505
2024-10-28 00:00:00,0.3395498778354121,0.019467294470609575,0.34543191045628063
2024-10-29 00:00:00,0.3437722573994608,0.012435226279467138,0.3429589124881752
2024-10-30 00:00:00,0.35583784576503735,0.03509762089835067,0.3418127407849604
2024-10-31 00:00:00,0.35494243479619253,-0.0025163455194591178,0.3425153789756365
2024-11-01 00:00:00,0.34160209824236715,-0.037584507362399155,0.34182046097631413
2024-11-02 00:00:00,0.3570443323953907,0.045205325823459264,0.34654497581084137
2024-11-03 00:00:00,0.34761902771436987,-0.026398135541844225,0.3486239820211758
2024-11-04 00:00:00,0.3345206264479513,-0.03768033456782238,0.3479055175372528
2024-11-04 00:58:13,0.33253358467869315,-0.0059399678589544536,0.3462999928628574
